tjrwlsgn1,¾È±æ°­
tnsals2015,á³×âxn
efgg227,µµµµ¡Ê¡Ë
sjdldnr,sjdldnr
¾î5827,YOU°íÀÚ
dyap9108,¡ÚÅÂ¿¬¡»
dydvkf32,¹¹ÆÄ³Ä3
noah67,AmosÈ÷·ç
SDejrrhkddl1,¢­YJ¢¬¢¾
tpflzj,¿ş¸£³Ê
pkalady,¿ì´ÏÂî·îÀÌ
3399916,Lucy¡¦¢¾
snoopy0,Ã÷º§¶ó
littleangel2,dldl258
chalse1376,chalse
anqjqwk830,°ïÁî¸øÇØ¿ä
gudxor6727,vÀ±¼·v
qkrdjejdl,qoÂ¥¶ó°íop
qlrTkd,¡ÚÁ¦½ÃÄ«¢½¡Ú
kuk2757,Àá¸¸º¸¹Î¿µ
fnvl835,ÛŞùÊ¡¹ÆÇ°á¢¾
ss7375,Frae¡¢
¼º¼şss,ïñ½ÅÇù
oklpr,¡òMartina½É
qksdlstn12,¡ÚF5¡ÙºÒ»çÁ¶
´íºñÁö¸¶,MILDSEVEN¡¦
tndn5766,¢¿znqb¢¿
kss2366,¿şÀÎ¡¢
altmxjtjd12,¤±¤±â©¤±¤±
win7dream,Á¤£¡
wkddnr7736,Á£¶õ
skaGP454,³ª·çÅäÂ¯ÀÓ
rmaqjatlr,ò¨êµŞÒÌª¹ü¼®
soqhwl225,Korea¡ò£Ø
manduy1541,¿©¿ì¿Ô¾î¿ä
wjdwjdaos893,»©·¹·Î
skop24,Áø¿í2
lefvglll,Aram[½Ã¸®¾Æ]
lkh8661,nDing½ÅÈÄ
dudaos34,¿övÅ©¸®¼¦
chsh5711,Last¡¢Ç³·ù
ggegge123,Last¡¢ÁúÁÖ
rjsdn850,·¹ºø¢Ü
kimdongee,¾î¶²¾ÆÀÌÀÇÇÇ
dltjrwls221,power±×¸°
jk5241,Å¸ÀÌÁ¨
gsj0921,¹Ùºñµµ¶ó
3270010,¢Æ½ÎÀÌº¸±×¢Æ
rmstn97,ºò¹ğÆĞ´×
rhkdgh1351,¹Ù°í·Îï
mcvv9603,½½ÇÄÀÇ°¨Á¤
vbd486,Ç³¿ù¢°
dhwlsrms1,¢«ª¹ªßªŞª»ªó
dlwndgh12345,¸ÜÁ®ÀºÃ¶
zbxktnwls,¸¶¿Õ»çÀÚ
changjedo,°í½¿µµÄî
ehowldnfl,±øÃæµÅÁö
wlsdl9971,¡Ù¡¦Soul¡¦¡Ú
wnsxo45,Last¡¢Ã¼³ë
leeyb4516,onepicÄ¥¹«ÇØ
dbstns0303,¶Ù¾î°¡´Ù²Ê´ç
duwk051,¶ó´Ï¾ó¡£¡£
dlskagh5,soulswolker
by787878,¸Å»ó
rlaalghk2005,ÓŞùÛÚÅÎ¼
qwo74,zÂ÷z
vkfks767,G¡£Dragon¢Ó
q44w44,Èäº°
ssty50,getogg
rkdxordyd,¢º¢Ã¢¸
woow102,°í¹«Áì
brandon0110,Gobkiller
j9395,±ÃÇå
columbus345,¢ÎÀÓÀ±¾Æ¢Ï
whdtjrqjqtk,kk927
magingga0,Transparency
aoasha1,¸É³ğ12321
ww5678ww,µüÇ®¿ëÇ®
1818eogusdl,³ªÄ«½º
tmdwp007,¸®¸¶¸®¬C
gci999,ÇÁ¹Ì±¹¿©ÀÚ
0159da,¢âÇØÄ¿
SGI1239,FBI¢°ÇöÁØ
ssmary,¿µ±¤ÀÎÁÙ¾Ëor
evellin2000,³ªÁ×ÀÌ¸é°í¼ö
rlrjatk5,Äà‹š±î¸®¢½
kio1115,LIrVutb
rrg3300,¼º³­¾Ö±â¡£
wotjr051,SimPle¨¬¤±¨¬
dngkgk67,¡µ¡ºÅÂ¿¬¡»¡´
qlrhdro145,¢½ÅÊol¢¾
jmb77052,¹°¸ÉÀÌ
ysc1983,½Â¸®ÀÇÆ¼ÆÄ´Ï
lkl12345,¾Æ¼Ù¼Ù¿¬´ç
rw0610,¡º¢Ó¡¹¡¸¢Ó¡»
jhn6124,¸¸µë
thdeogh011,½ÎÀÌÄí¾ß
199305,GUN¼¦¢Ü
yuan5896,º£Ä­
stu144,½îÁÖ¸ÀÀÎ»ıa
kang74074,¢ÔCrow¢Ô
gasi17,FireÅ©¶óÀÌ
ckcnetma,dlwp½ÃÀÛ
qhrehf12321,È£µ¹ÀÌ1359
pbu1707,›Yºü¸¶´Ô
dbalstnwnstn,¡×RuMeanZ
gus0280,qustkdgus
tak0711,Å¹Á¤¹Î
ghdwh26,UK¡¢È«Âù¢½
rose4226,Moneyr¡¨¡¨
dlftod2,PerfectOfRed
wjdwotjd111,¸¸·¾¸ñÇ¥¡Ú
tjqmone,ô¸ò¢ûÛü½
dew4030,Drawing¢½
buane1004,Âä½ÃÄ«
khs650602,í²¹éÈ£í²
jeeun0323,o_o¢½¡£
wha9401,ÇÏ´ÃÀÌÇ®ÀÌ
whkr119,zIÁ¸ÃÑÀâÀÌQ
alsk464,S£®2£­JY
wlsckd99,¡Ù¡Ú¡Ø¡Û¡Ü
water0011,DragoN_¢Ü
bclee21c,ÆÔÆŞµå
yuyj6812,·çÀÌÆ®
po0628,¹Ù¹ÙµÒ
KimJiHyun09,¡¼Edinburgh
loveowltjs46,´Ì¿õ¢½
dudgus0411,¢ÓÃ¹´«¢Ó¡£
tldhsghkd12,AlNaslSO
kersexy71,Á¤±¤ÀÌÄ£±¸
gkdwlswls,¢­Áı°Ô»çÀå¢¬
dudwo7004,cnahdi
yi2555,µğÆÈÆ®¸ÕÆ®
australia1,GunZ°ÇÁî7
ì°æåËù,cdaler
ghwwkd119,ÆÄ¶õÀáÀÚ¸®¡£
rladPqls1205,ÂîÂ¹ºä
kykhan19,Soul_Dresser
haeyak87,¡Ú
wkdxown20000,ÆóÀÎ_cols¥Ò
ckddud4498,xÃ¢¿µx
mmm6290,°³Åë¡¢
123wjddyd,¢±µÑ¸®
tbjj2000000,££»æ¶¥¾Æ¨¬
coghks4519,LieStorm
gPals6733,Rose_Lisa
sumi7556,GooJunPyo
qwr2304,¸®Æç¥ã
jsn0922,54618416534
kwy311,OK7845
wwvkdnjs45,°ÇÁî¤»¤»Àå
tkdgus8047,»Ç´ë¼¦¼¦¼¦
rkdgkskzz89,¡ì¡ì¡ì¡ì¡ì
thalsrud,¹Î¼ö´ô
dbs9201,±«¹°ºı¶ó
wlswls20027,asdrjsasd
prinseyo,flqjvnf
tldlsdmsrjwl,li¥Å¡¢¡¦¥ö
ILG2064,#CYON-BLACK#
qkgod,DakeNaite
kgt097,´ÙÀÌ¾Æ¸óµÎ
dkrn16,Àã±îÀÌ³â¾Æ
hyunju1967,Åä³¢
tmd0200,¢İÀÌ½Â¢â
xhd815,á¡úç
dmlwkgla,¸±¶óo_o
rPfP23,¢Ó¸á·Ğ»ç¶û¢Ó
ehdgudrla77,YÅõ°Ô´õY
limitedtale,Ä«¶ó¢°ÇÑ½Â¿¬
wjddls1204,¾Æ³Ê±×¿î¶ó¸¶
mommom14,€€€€€€€€€
thtl425,È­ãåÃ¢Á¶
koyangi76,toalqhdns
azaiea123,172±º´Ü
rlarbqo1,¿ÀT¤©
dltmdgns524,êÅÌè¡¢äñ
tizm132,¹Ú¿µ¼­
ccw7717,º´±æ123
jolly1000,¿©ÀÚ°Å³Ê¢½
WKD582,ÆÊÆ÷¾Æ
0117547786,¼ºº°Çì¾î¸Ç
FuuckYouu,JessicAOfRed
wkdalsrlsla,¼ö¸´Å°
dhtks7865,¡ÚÀÎ½Ã¡Ú
hsy4727,½º³ì½º°Ç
pih0987,BoeM°ÇÁîSs
whdns2040,506µ¿
eina35,Èù¾Æ
nmmcvb1004,Á»ºñ°¡¿À´Ù
oildc12,¹ÚÁ¤¿íÇü´Ô
dlrqo1102,±ôÁäÀÌ¤»¤»¤»
thn03042,¿¹GO
huomeigui123,½ÇÀÎ¸¶±Í
rlaehdtn27,°ÅÁö¿ë¸£º¼
an112,¹Ì»ç¿©
jin_as,¡¶ÇÉ¡·
moojsy,½ºÄ«ÀÌ98
cbsking0903,Â¾¶¥Æş
doko1004,Á¶PDÀÔ´Ï´Ù
ajtwlsdi,½ºÄíÈâ
tkcjsans2,beyond
tkddls0102,ddd125342
tw9195,[³­¹Î]Àú°İ¼ö
rlfyd2003,FlowerRain
jci5719,¿ø´õ°É½º¡Ù¢½
godmigi,sd¡º·¹µå°Ç¡»
sxd789,SpeedAcive
rbxo125,dkssidsuf
sjojj,¸®Ã¼¸®³ª
tjr4327,niÂîÁúin
ekflwlwhs123,Á×ÀºÀÚ´Â¾ø´Ù
ghdtod33,^1RED^0Ëü
¹Ù½ÇÀÌ4,wyvltm
yuseorin,Ã¼¸®ºí¶ó¼¶
agj0829,¡×Æû»ıÆû»ç¡×
shrlftn,€
whdxochlrh,¿¬¿¹ÀÎ¡¢»ç½Å
UnUnUn1,1¡¹Pyramid
Chaos20909,üâÙä
ydc0508,¡ºÔ¸¡»
inin912,inin112
fbdlatjr9471,°ÇÁîÀÇ½Â°èÀÚ
ksuk2234,Ä³³ÍÀÇÆã
lkh0607,¹«ÇÑµµÀüô¸
ckdrms7896,sfafmka98
wjdekdna525,[´Ù¸ğ]´ö¹®°É
tlfqj011,gfhvyfrhfygf
tjftkEhd829,ÁêÇÇÅÍ
skekek001,sambodjddkj
rlawnsgh4543,€€€€€€^1^1
kimga5149,Mir€°Ç
altjsdk123,eoert*°£Áö
wjdrltjd12,Arro¡¢¼öÈ£
rmasksghk,Ehddlsi[â©]
752pp,ÁÖÇåa
kjght12,±¤ÆÈÀÌ¼Ò³â
kskang0224,ÆÄÀÌÅÍÈ²»õ
lhankug1,^2ÀÌ^1¢½^2±Û
dhqhtjr12345,°í¼öÁ¦Á¦ÀÚ
oho649310,Áß»ç2
dmsdbsals,ÁlÈÄÈî
kimej5675,·Îº¿Æ®¾ÆÀÌ
rnjsgusrnr,ŞäÕÈÀÇùÛ
cksdnrhrh2,ºí·ç¢°
sbu1234,±ü¶Ç
ckehfdl,UpGradE¢¾¡¢
¹èÃ¢,zxcvb5468
hiidong77,Àü¼³¿¡°í¾ç
lsyoung2030,¾Ç¸¶À»ÇÑ
alstnww,^4µ¶¿Õ^1¢½^2
rlatnguscjwp,¾îÂ¿½¬¹Ù¶ó¸¶
qkhs12,Lux¡¯sKnight
fauxnaif,ûı¡Ú×£
tlawoskfk,³ëÆÒÆ¼
as0928,zx0952
nhk1109,¢½½Â¢Ö´ëÆ÷¢¿
dlwnsgud333,blood¢°blue
tkddhks560,Şİãê][ÀÌÄ¡°í
ksc830512,MasteR-¸¸³²
gksauddn9510,zAr-K£ª
yjh3717,€Green¢½
m3625,¹®µ·~
ckdwo-1,½Ã°£¡£
leesunho2,-_Yewwand
dlckdrbsk,ÅÂ¿Õ¡×°íÁÖ¸ù
xxz72,[°ÇÁî]£àHero
rkdqhrms739,¼ÛÀÌ¹ö¼¸2
kim434,jxnznflhkf
chd123321,ÎÃûìó·ò¢
baegy26,¹ßÅ°¸®¼¼Æ®
yyj7608,85ui6d8
fon1022,ÅäÁ¾´ß
mgh7942,stale
tkdghqgnk4,tkdghqgnk
glorymj69,Áö´À²¨
ljhlove11,ô¸äó
doswlsldj7,³ªµµ¸ô¶ó´Ù
kmj548,IFP6891
¿©¿ì¾Æ¿µ,³ëºñ½º1004
kjhgfdsa,Àç¤º¡è¸¸Á¡¡¨
xkdlxkdl2,µ¶¼ö¸®±º´Üzz
d3d300,â©ûıù¦¡¢¡¢
fjqm1962,LOP_LOP
tmrl5,Îı¡¼Bullet¡½
dkdejrrhdwn,¼Ò½Ã¢½Â¯
lik828,äñ_RB¢°È­±Í
sakara67,€Starcluster
KoreaDtnd,¿ì¸®°¡·¹µå´Ù
974-0000,JinAOfRed
sksmsdls,Su¥Í¡«Ç³
dnsrud0526,¢²°íµ¶
len0123456,FDYRTF
rroo7,¡ºãæºí·¢¡»
rer0569,Ä«¹Ùµå
saqag,Á¶¿ì»ç
jpkim0495,¡×°T¼¦£¦¡×
asj1323,·ù³à
cndufls,±è½É¿©¼Å¸°½Å
dkaskekd,As¡¢º¸½º
kyung9083,lovE_»ş°Ç
neco0728,black¢©box
mp3566,sÁöÁ¸sqrtyg
ahdzl1155,Longstar
ÀÌ»Û³ª¿µ0,Å«º°
dhrtla0411,Fantastics¡¢
koddr71,»çÀÌ°ÖÀÌÁî
wjdtjdgusrht,wjdtjddnjs
»ïµÎ¸®º¸¾È°ü,´ë°¡¸®µ¢ÀÌ´Ù
wldudehdfuf1,³ë±Í½Å
geun1566,½ÎÀÌ¾ğÁî740
scyong89,·Ò´Ğ
dudghk0903,°Ü¿ïÀÇÃÑ»ì
photo246,photo246
oook,°øÀ¯ÇÏ
sie2797,¢Ä½Ã·Ä¢Ä
kinsy1001,¨Ø¨Û¨â¨Ñ©ö
kimjt0830,ÎÃ¡»Á¤·É
yong631,¦¡¦Ç
duqlsla,¡Ú«á³ªÅÜ«á
kio9693,¤·ó¤¼
7ehdals7,ShoutSward
1004didrlqhd,¡Ú±âºÀ¡Ú
dnis3,°Õ¹Â1
zzkk12300,ÇÏ¾áÀå°Ë
joju3578,projsh
wodn9898,°ø¹ÎÁö
qkr2002001,QKLDJTRJE
ayalosi,¥ÎStriker¥Î
thlqncj,My[ËÆ]action
3231045,½º¸¶¾Ë
chldydgks2,ÁøÈ£¹®
tmalrhf11,Ã»·æ¢°[ôì×£]
p00hDANCH,Wicked¢â
ms630,B¡£ÀÌÁØ±â¢Ü
khaosman,otototototo
tkdgnssla123,îÜ¡±¥éGame
ghkdwlsrb07,az10456
f4917,±è¸®¹ö
okiro2467,FS_¼·¼ÒÃµ¢â
sung1120,Sakurai_sho
NewF,´ºÇÁ¢¾
csh9752,assaaaa
qwqw5958,»ç³É²Û4ÇüÁ¦
ssh604,±ÍÁøÃµÈÄ
jjw4068,ÆÄ±«£¨ûıæú£©
wogud2369,¹Â
theander,±İÂÊ°°ÀºÀÎ»ı
rhq3udwls12,¢Ó¢ÓÅ¥ÇÇ¢Ó¢Ó
rpg153987,ÇÚ¿ì¹à±â
wjddydwls465,ÀÎÁ¶ÀÎ°£ÀÌˆª
tlsgustmdzm,giqa1113
sgn12sks,ÆÄ¶óÁ¶ÀÔ½Ä
xorgus33,poÀÌ·ë½ºda
jeh6122,jiiemdjyeg
skagurdla,¥ö_Aro
gostop308,ÆÄÀÌÅÍÅ©¸®Æ®
hoo6010,£ªOr¤ï¤¤r£ª
rhdmltjr94,¤±¤¤¤·¤¤¤©¤·
±æ³â¹Ùº¸,°Ç¸ÁÁõ¼Ò³à
secsvv,´ıºñ¼¼¿©
rlackadyd,¢²Chu~~¢¾
hacker9434,¸ÚÁø¨¢ºû
Madrid1017,°æ·É
khcheoung,·¹³Êµå¸°
gkffhdn333,Ä®À»µç·çÇÇ
vnfmsdnwjd,¥ÎBravo¥Î
popo6081,Serenian¢¾
01050794333,İàì«ÜÔÓïr
rjs7536,³ëÆÄ½É
wjdqls1581,Main¡Ú¢¥
dhekftlr1234,wlwhstkqlq
ort303,¾ÏÈæ¿¡¸®
ak7001,Á¤Ç°À¸·ÎÀÎ»ı
rudals694,Æí±Ù
qorrhfvk2,Á¦½ÃÄ«¡¨¢½¡£
kws_0302,¡ºÑÑ¡£éÓàø¡»
joensm96,asddts
hhgg92,Miss»óÅ­¡Î
sun7003,hghdh
dbxoqja,Kentauros
7895221,Minotauros
khscj16,sktlsdlwk
dkswjdgns554,axouiume
akdrh3737,zrkdl¾Æz
ehappy7,½®½ÂÈÆx
dlwnngud001,dlwnngud001
alstlr1013,2NE1[¹Úº½¢İ]
lseej5030,³ª´Âº°ÀÌµÊ
trew159632,¢ß¿ö½ÌÅÏ
ngw0219,¢àJOKER
tmskvnf1,ä¬ú¼ëêú¼
jms4919140,±Í¿±À±¾Æ
kbs92100,°è·æ±èµ¿1
dkel5gh,°í¼öµéÀÇÀÎ»ı
hna32j,¥ö_Alice
gorqkftk4017,vÇÁ¸®»ç
lje110833,¸£¿ì¿õ
gudwnskj53,Mind¡£İÛ
kigkr,¡¨Pharaoh
k8999965,Å°Æ®Ä«
kms7598,soul_smile
sheoqja1212,³ë´ë¹ü¡¢
hsh0179,¼­µç125
dltnghks010,dksmhgfh
greaterchang,Äí·Î½Ã°íÅ¸
sun9270,¼È·ÏÈ¨Áî£®
dhtldgk21,Çü¾ÆÀçµ¹¸Ó°Å
hab1234,±»¤§
sssss130,¡¦°¡³ª£¡
gnk582,¾Æ±â¸®Ä¡
98sbkang,³ª±âºÀ¾ÆÀú¾¾
seraph6508,°¢¼º¼¼¶óÇÁ
kok3307,¿§Áö¥íÀÖ°Ô
wntmd1477,¹ìÀâÀÌ¡£¼³Ãµ
shin_0910,Cat¡¯sEyes
minS02243,ÁıÅõ
dldbstjr25,LastStory¢¾
tnsgud0103,¢¾³ªÂÍ¹àÇô¿ä
vsdnjswnsvs,°£Áö´Ï¹Ö
wlgnsfka,Ä«·Ğ±ôµÕºí·¢
wlgh0547,AlSo¸¸³²¢Ó
kim72458,¢²Dedil´«²É
seventoa,¢¾¡×Áßµù¡×¢¾
vc2000,°­À¯¸¸
dkcktjd123,vµå·¡°ïÀü»çx
sk0919s,Love¢½¼ö¿µ¢Ü
sunyoung3566,CooL¡¨PaiN
¿µ¿îÆÄÀÌÆÃ,perukia
limhs3980,limhs3980
hong453,ºñ¸¸Å½Á¤
±îÅÚ¹İÂ¦2,‹š·ÕÀÌ¢¾¢¾
tt2987343,¢ß»ıÁã±ø¢à
zmzm1877,¹èÅÍ¸®ÇÑÄ­
gywjd0077,Æ¼¾Æ¶ó¡©
debil37,¿Àµ¿³ª¹«ÂôÂô
qjtm0000,¡¨µş±á¡»¢¾
dbgkrtn,¡ºPr¡»äÂ
fk7fk,ÇÚ±×ÇÔ
wlgp1350,pollic
sonhs011,ûıËüÙ¥êÅ
jj2249,biubsiot
dkfma3699,¬Şc_st¬à¬Ör
gyckddlek0,kt3269
diddmltlr1,¤·¤²¤·¤Ñ¤Ñ
dd7779,·Ğ´ÏÀÎ»ı
thdxogns78,wkddPdls12
sunjp0992,¡ºJOKER¡»¢¾
suh326,È÷¸ğ¾¥³¢
l14230,¢®Å½_¢½_Å½¢®
jjijjibbabba,lovepyo1234
zlwhsvkdnj,¢¹¡ºÅÊÀÌ¡»¢¸
jjjjj7055,Dava¼¼»ó
Ãµ¾Ö¿µÅÃ,¿î¸íÁÂ¿ì
71834,¸ùÅ°ÆÄ¿ö¡¢
ysg9030,º´ÀÇ½Åº´1½Å
nice5405,¶¥¿¡»ç´Â¾ö¸¶
dpfldhrns,»ì·ÁÁÖ¼¾¤Ğ¤Ğ
DHRKDEH,µ¿°æ¿À°¨
tytudn321,µñgirl¡£¡£¡£
kis9059,´ŞÀÎ»Ç·Î·Î
tlsdyddn123,111µ¿¾î¸°ÀÌ
jinbeam123,ÃÊ°á·®
OodntjqoO,Oo¼·¼·´çoO
nonoletter,£¢È°²Ã£¢
eogus4633,££££AIKA££££
tkddj943,ÃÑ¸ÇÀÔ´Ï´İ
yph5856,´Ï¸Ş6690
wow3190,¿µ¾î¹®¹ıÃ¥
dudshr6162,ÇÙÃÑµÑ¸®
tlsehddn2401,´Ï¾Æºüº¸´Ù½Ø
cap8844,»§²Ù¶Ë²Ù££££
1005447aa,¹¶´ó
cksgh741,7¼¦°Ç7
hyj7395,ÈæÇ÷½Å°Ë¢¾¡¢
xorl466,Äù¼·À¯Àú¢½
abc2852,ûıæúáÌ
vkvk61,Sio£Ş½Â
rjscksfls,ÄùÀü¹®¦¡¦¡¢½
dy1739,Trer¾çÀÌ
whaakwk,Â¬»õ¤»
woojng7777,¾Æ°¡¾¾£¢
byc2508,Æ®À©ºÎ½ºÆ®
ehdghksEod7,¿¬Àº¼ú»ç
ljo0107,°íºí¸°ÇÑ
jsc0830,E_Love
ml5164,¤·¤¿À×¤¾
tjdgns123qwe,Äù¸Ê
jung6739,JessicaJJAng
qorfus13,First¡¢½ÔÃÄ
dkflfkd011,»ş·ĞÈ£Å©
dbssorl,¿­ÇàÀÇ»ç³ªÀÌ
ehdghks7732,¡º°­¡»¡ºÀÎ¡»
qeqe49,DarkSoul231
kkkee2772,ıÙù¦ØªÏÚ
qls1598,°³ÄÜvs°³±×¾ß
jj865656,»ıÀÌ¹ö¼¸
osolkil0220,»óÃ¶Çà´Ô
sktjdtn12,¡ºÀ¸ÇëÇë¢¾¡»
rlatjdahr154,Á¶ÆøÁßµù¢¾
wkdehd10,¡¼Ä£¼±¿ëº´¡½
kimjh0930,¡º°õµ¹¡»¢İ
algus01,CXVXCVXCBV
comlee89,°ÇÇüra
sh981221,color£à£¡
ant5216,[¨ª¨¯¢Ü]
tfdlqslek,¢°U¡©know
jang102740,È¥ÀºÁöÅ°´ÂÀÚ
sjiw0419,Å°¶ó¨×¼ÖÀú
Kbg124,»èÀü¿ë¢¯
mi3578,Ch¡£KBS
cantate3,¢Óºñ¢Ü´ã¡Ë
dlsogk,´Ï¸é»óÁÁµÆ´Ù
qkrclrl3965,¿øÇÒ¸Ó´Ï±ÙÀ°
gd407,TKo_[ÃÊÂ¥]x
