rla568,´öÈÄ¸ó
khbjsn,¢â¡£Àå
tlsrmafP,[£Ë£Ï]Jin
gkrudtn121,¨®Reno¨®
qlxmqkrtm11,sddsdsdd
wlstjr5430,Ä®¼¦·Îºñ·ç¹Ù
kkk1557,zlÁ¸Ä«¸®¼ö¸¶
dydwns44,Àç¾ÓÀÇ³¯°³
hi5205,¿µ¿øÀÇ³ëº´
UYT6688,WiIlardSmith
°×³İ,«ÉMikuru
rkrk4545,Be£ª
nodohoon,ÈÆ³²°³È­
ocl0801,¡ºÓŞ¡»¡ºùÛ¡»
»Çµéºñ´©,¾ÆÂ¯[äÂ]»êµµ
dusdidgma11,¹»º¸³ë¿À
alsghvk,¥ÎRex¥Î
ezwbf,Äí¿ì¸Ô°íÃë±Ç
kkmddr2,¿òÁ÷ÀÌÁö¸¶¤ğ
imhee1324,skyÃ¼¸®
caben99,¸ôº¸¼À
korewkd,[GB]ÁöÁ¸´«±ò
muska0,¡¡¤Ô
lmg8456,Mr¡¢¨¢a¥ç¡Î
tlsauddyd,¶óÀÌ¤¾¤¾¤¾
z00120z,Quest¡È
thunderbird0,soul¡©
kwoun1214,black°ÇÁîso
cshmmf,´ŞÄŞÇÑ½ÇÀå¢â
dbswhdtjq,»Ç´ë³àJ
djmjys,±èÀ±¼ºfq
hys10041,½ºÇÇµåÆÄ¿ö18
tlackdals795,ãıûêĞ¡
kjt4115,°¡·Î¹ã
JaeChang112,¢¾¾Æ±âµÅÁö¢¾
lhw851105,dg48
roqkfWKd,2dosl1
kor357,Ä«¸£°«
hojin104,¨©©¡¨®¨¤¬Ö¬¤
dhtjdalsl13,¢Ó¹ö¼­Ä¿Â¯¢Ó
k10015,ÀÌ¸ğµğ¿À
mak258,IRISÀÇ½Å
kor2462,¹»ºÁ¾Ã»ö¾ß
huny11010,hunny11010
jhno56,¡©¡©Èñ¸Á
khj8245,GIRLGENER
manamp,¼¦±Ç½Å1
qnqkd123,aslslz
uni3742,zÅÂ¿¬Â¯z
kkingts,SilveROfRed
sound3669,Happy¡ÙJoy
2481wofks,NEO°ÇÁîDKWJF
wpgusantk1,ºí¸µ²ÉÅ³·¯
woosh,¹è°íÇÂÀÚÃë»ı
whtjddns27,F4Á¶¼º¿î
dmdcks497,¹ã¼ÜÀÌ
khd7529,blood¢°Reset
Drewnael2,º°´ŞµûÀÚ
hyeonho51,Prist_Ç÷¹«¢Ü
tndk021,£ª¼¦±Ç¼ö£ª
rkdgusrn3,ÆØÀÎ_°¡ÀÌ
wndhks7309,xx»©»©·Îxx
ezserr,[ºñ±Ø]
dnfls486,A
eogns0886,¾Æ¹æÇı
sukjin0113,¹®È­¿¹¼úÀÎ
rppr1,¢Ó¹Ù°¡ÁöÄÆ¢Ó
gkwls256,Christine¥é
soaringhigh,Ã»È«ºû
°ßÈÍÂ¯,Ç÷Çâ¥ä¥ô¥ç¥å
gonamwoon7,youngjerk
burt8989b,äñ¡»«¸«å_«Ò
nogaligi1,³ë½ÂÁØ
shaman5786,»ì¼ö
gpgpghkd11,°­ÇÑ£¬°£Áö
gytjq1235,ÀÌÇö
koje787,¹«±Í°¡Çà
kangs72,¿ìÁÖ¼±Â¯±¸
kjy1393,Last¡¢¾ÆÅè
alfo8029,µµÇö1539
ji0021,È²¼³¡¢
tjwndrnjs,¿ÜÇü
jsn5374,ÅÂ¿¬
kang107,¡¨±è¹ÎÁ¤¡¨
¡ÚÇØ¶ß´Â¹ã¡Ú,Hyorish
dlgotjd0824,ºÎ¸®´õìÑ
qkqkqkrk,guswls369
sungdeog9004,ÃæGO
ldw1364s,543209
xmrwls,ÂîÂîÀÇÈÄ¿¹
bloodpalace2,±è¾ÆÀ²
blue0628,¼Ø³à
54376,Adios«ß
dlwngk12,±âÀû
2158556,HumanBaker
_BarBie_,°£ÁöÈä¾Æ
solitude5,ArthurSoul
rkwhremf3,°í¼ö¨è
aalove8575,¹Ì³²
dongha1501,€€€€€€
jurango98,¨¬¿î»á
wkdskfkald,ÇÏ´Ü¾Æ
dbsrn0102,¢©Alex¢©
jjh14099,dhofndhofn
jyyj152,°ÇÆÄÁî¿¡½ºÇÊ
¾ÆÀÌ¾ä¾ä,[ÒşÙ½]ÀÌ¼ö¿µ
65jjang,emforhs7332
KMC1370,¸ÆÁÖ¿ÍÄİ¶ó
dkalwk1,¼ÛÅÂ¼·
348975,SaintAcive
tlsqkdsla,¢â¸á·Ğ¡£¡Ù
jang060215,qotkdqja2
geonseok,´ÙÅ©·Îµå7
tjddyd098,½ºÇÇµåÆ¼zlÁ¸
tjemsxks,kiju
fhdwj1,ÈüÇÕÀÇºÎÁ¶¸®
woaud0190,¢²¼Ò½Ã¢°À±¾Æ
my6868,²Ù¸°¹Ì³à
dnckd4624,¡ºYoonA¡»
lovehyun16,²ÉÀÙÀ§ÀÇ³ªºñ
skaret011,±è¿ë¸¸€
ecIipse,PreezingsouI
zjavbxjwndeh,ØÌÒ·ªÎ«¶«à«É
ba016,vprktntnlNl
asad1221,ÃÑ¾ËÀÇÃã¡£
ylh3333,ôÈ
kto9913,İàÓï«Èëà«È¡£
tjdfus3334,¢²²¿¸¶¡¢¢Ü
pak4506,Shinkirou«Î
skawjd119,draqrfff
wogur254,PyramidSoul
sim6882672,³ªÀçÀÌ
raberabe,¶óÆİ
abadi04,«ßÀ¯³ª¡£¢½
flowermi79,Ato¡¢IceTree
iq0220,±¸¼º¸ğ2
svsy12,Andrew£ªRain
knkn26,íÑ¡£
ºÒÅ¸´Â°ñ¹ğÀÌ,^9äŞß¯Ó¥^2
ksc1027k2,€€€€€€€€’Ì¢¬
gPfuswk,€€*Sword
kmekee,Let¢¥s¡¨¹İ°İ
playe90,¢­Odin
tjtek3536,·á»óÈ¥
rlawlWkd2,EXR¢¨
rladudqo3,½´ÆÛ¶×º¸¸Ç
vuqvuq1,¥ÎUranus¥Î
ohoh21oh,€€€€€€€€€€€
µü´Ù±â,¿©¿ì°°ÀºÀÎ»ı
wlgpgnltjs,valentino«¡
zooc1330,¿ÍÀÎµç
youkillyo,¥ÎBeta¥Î
dhdrmfzl,¨®Loz¨®
pc2017,ing¢¾¨Õ¨ß
tkdgus121765,¡Ël¨Ì²Ù½Ã
november17th,GLEE
6788549,S¡¨o¡¨A«ß¢¾
ghkdgus91,üÜúè
khjzz200,Ampulex_D-A
uioq456,¡¼¹ÌÄ«¿¤¶ó¡½
alswldi2,yytttf
Limdy2,±Ø±Ø¿©½Å
anfyd88,¤§¤¿µğÁö´Â³¯
01192450515,RedTailBoa
jungmanse,¢­Sigyn
qkrtmdrms12,rofhfh
rndehdch,½Ç·ÂÀº¾ø³×¿©
LlmNO,CHODING-
qudgml081992,Too¨¯ies
qkrtjstn0203,ÚÓà¹â³
tnstn94,RedStarœë¢½
